{"image2.jpg46041":{"fileref":"","size":46041,"filename":"image2.jpg","base64_img_data":"","file_attributes":{},"regions":{"0":{"shape_attributes":{"name":"polygon","all_points_x":[428,429,480,518,557,577,610,660,642,578,579,585,590,574,580,516,507,474,427,426,412,412,430,470,452,428],"all_points_y":[232,216,198,193,212,238,237,242,248,248,260,292,343,409,417,441,443,427,413,381,324,301,288,249,231,232]},"region_attributes":{"Scratch":"scratch"}},"1":{"shape_attributes":{"name":"polygon","all_points_x":[470,500,578,718,670,594,553,510,469,448,470],"all_points_y":[516,548,562,557,569,595,587,600,576,552,516]},"region_attributes":{"Scratch":"scratch"}}}},"image3.jpg285224":{"fileref":"","size":285224,"filename":"image3.jpg","base64_img_data":"","file_attributes":{},"regions":{"0":{"shape_attributes":{"name":"polygon","all_points_x":[293,360,349,308,293],"all_points_y":[303,330,314,302,303]},"region_attributes":{"Scratch":"scratch"}},"1":{"shape_attributes":{"name":"polygon","all_points_x":[434,466,486,530,511,491,465,434],"all_points_y":[357,371,373,393,377,366,364,357]},"region_attributes":{"Scratch":"scratch"}}}},"image4.jpg26872":{"fileref":"","size":26872,"filename":"image4.jpg","base64_img_data":"","file_attributes":{},"regions":{"0":{"shape_attributes":{"name":"polygon","all_points_x":[64,94,119,136,149,172,181,160,152,136,125,98,64],"all_points_y":[146,144,145,161,175,181,187,193,206,216,187,161,146]},"region_attributes":{"Scratch":"scratch"}}}},"image5.jpeg8689":{"fileref":"","size":8689,"filename":"image5.jpeg","base64_img_data":"","file_attributes":{},"regions":{"0":{"shape_attributes":{"name":"polygon","all_points_x":[71,89,70,96,118,136,104,122,71],"all_points_y":[94,108,103,120,132,133,114,113,94]},"region_attributes":{"Scratch":"scratch"}}}},"image6.jpg24447":{"fileref":"","size":24447,"filename":"image6.jpg","base64_img_data":"","file_attributes":{},"regions":{"0":{"shape_attributes":{"name":"polygon","all_points_x":[181,169,162,187,204,230,251,278,300,324,335,345,350,358,370,370,360,345,341,332,327,327,363,399,411,387,334,318,318,280,235,210,193,191,224,189,184,179,181],"all_points_y":[208,185,172,151,95,65,45,22,21,30,49,75,85,59,74,91,116,148,165,215,247,275,279,288,295,290,283,280,296,292,288,296,292,280,273,256,226,201,208]},"region_attributes":{"Scratch":"scratch"}}}},"image7.jpg22265":{"fileref":"","size":22265,"filename":"image7.jpg","base64_img_data":"","file_attributes":{},"regions":{"0":{"shape_attributes":{"name":"polygon","all_points_x":[256,255,240,221,194,156,146,161,173,147,178,197,210,235,249,256],"all_points_y":[151,161,167,163,168,161,151,134,131,124,128,123,116,124,141,151]},"region_attributes":{"Scratch":"scratch"}},"1":{"shape_attributes":{"name":"polygon","all_points_x":[270,298,329,330,341,319,270,270],"all_points_y":[154,153,151,141,130,127,132,154]},"region_attributes":{"Scratch":"scratch"}}}},"image8.jpg19410":{"fileref":"","size":19410,"filename":"image8.jpg","base64_img_data":"","file_attributes":{},"regions":{"0":{"shape_attributes":{"name":"polygon","all_points_x":[108,149,216,278,346,356,351,259,235,130,108,108],"all_points_y":[250,237,226,212,188,192,210,245,243,258,261,250]},"region_attributes":{"Scratch":"scratch"}},"1":{"shape_attributes":{"name":"polygon","all_points_x":[74,122,222,274,340,318,276,234,195,141,85,72,74],"all_points_y":[338,330,314,299,269,287,308,324,336,344,356,353,338]},"region_attributes":{"Scratch":"scratch"}}}},"image9.jpeg7872":{"fileref":"","size":7872,"filename":"image9.jpeg","base64_img_data":"","file_attributes":{},"regions":{"0":{"shape_attributes":{"name":"polygon","all_points_x":[122,138,138,122,142,168,166,153,143,122],"all_points_y":[120,89,76,76,72,66,73,85,105,120]},"region_attributes":{"Scratch":"scratch"}}}},"image10.jpg115110":{"fileref":"","size":115110,"filename":"image10.jpg","base64_img_data":"","file_attributes":{},"regions":{"0":{"shape_attributes":{"name":"polygon","all_points_x":[238,298,548,615,617,636,659,669,641,571,598,556,523,491,447,424,394,414,436,416,471,489,465,493,517,531,548,584,632,657,651,622,564,523,494,456,391,324,289,280,267,257,222,217,248,270,261,284,343,376,475,550,585,634,616,573,486,390,236,216,238],"all_points_y":[373,368,343,331,373,409,446,485,549,565,516,511,527,542,547,559,564,547,547,540,534,532,530,525,523,513,503,502,505,502,492,499,496,500,496,494,500,503,505,472,451,443,435,427,430,430,414,421,422,423,410,408,415,418,381,388,386,398,403,403,373]},"region_attributes":{"Scratch":"scratch"}}}},"image11.jpeg5375":{"fileref":"","size":5375,"filename":"image11.jpeg","base64_img_data":"","file_attributes":{},"regions":{"0":{"shape_attributes":{"name":"polygon","all_points_x":[167,172,200,238,266,261,206,167],"all_points_y":[70,91,97,93,72,68,68,70]},"region_attributes":{"Scratch":"scratch"}}}},"image12.jpg70052":{"fileref":"","size":70052,"filename":"image12.jpg","base64_img_data":"","file_attributes":{},"regions":{"0":{"shape_attributes":{"name":"polygon","all_points_x":[98,127,122,135,176,246,294,364,400,443,484,551,591,631,670,710,715,739,750,758,761,761,755,750,738,734,744,718,691,681,650,611,565,478,454,413,379,350,320,290,259,235,206,192,182,174,157,130,123,113,105,98],"all_points_y":[346,300,285,232,220,180,154,137,113,86,82,80,71,67,73,102,124,124,139,163,189,218,218,188,185,176,161,176,188,168,144,138,139,152,159,169,176,184,201,213,236,258,295,323,333,324,339,341,339,352,356,346]},"region_attributes":{"Scratch":"scratch"}}}},"image13.jpg79882":{"fileref":"","size":79882,"filename":"image13.jpg","base64_img_data":"","file_attributes":{},"regions":{"0":{"shape_attributes":{"name":"polygon","all_points_x":[61,77,133,206,235,249,229,211,178,160,85,68,61],"all_points_y":[191,120,92,100,104,128,142,164,206,227,268,232,191]},"region_attributes":{"Scratch":"scratch"}},"1":{"shape_attributes":{"name":"polygon","all_points_x":[86,134,144,211,286,300,416,447,462,441,410,339,297,262,234,213,197,183,166,130,100,86],"all_points_y":[305,301,250,219,176,162,159,162,192,204,191,182,197,225,249,283,321,330,323,324,318,305]},"region_attributes":{"Scratch":"scratch"}},"2":{"shape_attributes":{"name":"polygon","all_points_x":[279,323,383,430,435,423,408,369,314,254,279],"all_points_y":[130,120,128,144,155,156,144,146,148,143,130]},"region_attributes":{"Scratch":"scratch"}}}},"image14.jpeg4794":{"fileref":"","size":4794,"filename":"image14.jpeg","base64_img_data":"","file_attributes":{},"regions":{"0":{"shape_attributes":{"name":"polygon","all_points_x":[86,106,182,196,222,213,183,126,94,73,86],"all_points_y":[93,123,127,96,51,45,42,40,37,55,93]},"region_attributes":{"Scratch":"scratch"}}}},"image16.jpg5375":{"fileref":"","size":5375,"filename":"image16.jpg","base64_img_data":"","file_attributes":{},"regions":{"0":{"shape_attributes":{"name":"polygon","all_points_x":[167,170,205,237,258,266,233,167],"all_points_y":[65,89,98,93,79,68,68,65]},"region_attributes":{"Scratch":"scratch"}}}},"image17.jpg5896":{"fileref":"","size":5896,"filename":"image17.jpg","base64_img_data":"","file_attributes":{},"regions":{"0":{"shape_attributes":{"name":"polygon","all_points_x":[320,302,283,263,254,242,256,262,262,233,211,238,266,293,300,302,309,309,320],"all_points_y":[82,101,104,100,88,85,75,64,52,47,47,42,44,44,54,64,74,83,82]},"region_attributes":{"Scratch":"scratch"}}}},"image18.jpg6703":{"fileref":"","size":6703,"filename":"image18.jpg","base64_img_data":"","file_attributes":{},"regions":{"0":{"shape_attributes":{"name":"polygon","all_points_x":[64,68,107,174,184,209,235,204,196,208,189,185,171,165,155,111,93,76,64],"all_points_y":[62,84,111,149,156,158,160,135,132,122,116,103,99,84,76,57,54,60,62]},"region_attributes":{"Scratch":"scratch"}}}},"image19.jpg5832":{"fileref":"","size":5832,"filename":"image19.jpg","base64_img_data":"","file_attributes":{},"regions":{"0":{"shape_attributes":{"name":"polygon","all_points_x":[98,78,94,106,142,161,182,169,179,203,183,190,174,126,98],"all_points_y":[39,67,96,112,128,132,120,104,84,77,60,40,22,30,39]},"region_attributes":{"Scratch":"scratch"}}}},"image20.jpg5264":{"fileref":"","size":5264,"filename":"image20.jpg","base64_img_data":"","file_attributes":{},"regions":{"0":{"shape_attributes":{"name":"polygon","all_points_x":[71,86,107,101,126,139,150,108,100,86,71],"all_points_y":[96,113,133,156,161,139,111,78,63,72,96]},"region_attributes":{"Scratch":"scratch"}}}},"image21.jpg7853":{"fileref":"","size":7853,"filename":"image21.jpg","base64_img_data":"","file_attributes":{},"regions":{"0":{"shape_attributes":{"name":"polygon","all_points_x":[82,106,137,176,185,190,195,188,163,134,88,82],"all_points_y":[76,127,144,131,113,88,68,53,49,45,64,76]},"region_attributes":{"Scratch":"scratch"}}}},"image22.jpg6072":{"fileref":"","size":6072,"filename":"image22.jpg","base64_img_data":"","file_attributes":{},"regions":{"0":{"shape_attributes":{"name":"polygon","all_points_x":[30,79,130,134,196,196,186,143,143,123,82,73,65,30],"all_points_y":[73,76,77,74,83,75,63,59,54,53,57,64,71,73]},"region_attributes":{"Scratch":"scratch"}}}},"image23.jpg6452":{"fileref":"","size":6452,"filename":"image23.jpg","base64_img_data":"","file_attributes":{},"regions":{"0":{"shape_attributes":{"name":"polygon","all_points_x":[44,12,14,35,49,75,98,130,139,125,110,96,120,90,61,38,44],"all_points_y":[46,52,62,78,83,86,84,72,68,57,50,44,39,31,35,35,46]},"region_attributes":{"Scratch":"scratch"}}}},"image24.jpg8120":{"fileref":"","size":8120,"filename":"image24.jpg","base64_img_data":"","file_attributes":{},"regions":{"0":{"shape_attributes":{"name":"polygon","all_points_x":[78,73,80,77,94,109,158,178,178,197,206,195,198,205,216,207,186,159,130,120,115,78],"all_points_y":[5,7,24,43,64,88,107,112,123,133,132,112,93,76,72,64,40,32,30,8,2,5]},"region_attributes":{"Scratch":"scratch"}}}},"image25.jpg4222":{"fileref":"","size":4222,"filename":"image25.jpg","base64_img_data":"","file_attributes":{},"regions":{"0":{"shape_attributes":{"name":"polygon","all_points_x":[130,134,162,200,226,233,244,273,310,322,292,235,223,192,147,130],"all_points_y":[82,93,92,88,84,86,88,84,79,73,70,76,80,80,84,82]},"region_attributes":{"Scratch":"scratch"}},"1":{"shape_attributes":{"name":"polygon","all_points_x":[234,241,275,316,321,281,245,234],"all_points_y":[128,136,139,130,124,131,126,128]},"region_attributes":{"Scratch":"scratch"}},"2":{"shape_attributes":{"name":"polygon","all_points_x":[154,163,208,242,212,182,154],"all_points_y":[106,112,112,108,107,106,106]},"region_attributes":{"Scratch":"scratch"}}}},"image26.jpg5840":{"fileref":"","size":5840,"filename":"image26.jpg","base64_img_data":"","file_attributes":{},"regions":{"0":{"shape_attributes":{"name":"polygon","all_points_x":[53,66,81,101,143,150,140,114,88,65,53],"all_points_y":[88,122,138,146,151,151,131,115,102,88,88]},"region_attributes":{"Scratch":"scratch"}}}},"image27.jpg9852":{"fileref":"","size":9852,"filename":"image27.jpg","base64_img_data":"","file_attributes":{},"regions":{"0":{"shape_attributes":{"name":"polygon","all_points_x":[87,68,51,38,42,42,54,64,87,97,97,93,87],"all_points_y":[44,63,75,100,113,132,131,104,74,68,51,41,44]},"region_attributes":{"Scratch":"scratch"}}}},"image28.jpg6763":{"fileref":"","size":6763,"filename":"image28.jpg","base64_img_data":"","file_attributes":{},"regions":{"0":{"shape_attributes":{"name":"polygon","all_points_x":[75,90,110,122,132,134,143,164,174,181,196,186,190,198,193,177,155,134,110,94,75],"all_points_y":[38,56,79,98,132,149,167,167,160,144,139,137,120,100,80,59,51,52,52,52,38]},"region_attributes":{"Scratch":"scratch"}}}},"image29.jpg6096":{"fileref":"","size":6096,"filename":"image29.jpg","base64_img_data":"","file_attributes":{},"regions":{"0":{"shape_attributes":{"name":"polygon","all_points_x":[27,22,17,38,50,47,45,52,51,56,82,110,100,114,183,204,274,270,204,174,126,114,123,161,190,210,226,204,175,132,126,94,81,86,70,57,34,27],"all_points_y":[72,82,88,92,116,133,131,143,153,133,144,149,138,136,140,135,138,132,129,126,124,124,117,117,114,106,102,94,88,83,74,69,69,78,79,75,74,72]},"region_attributes":{"Scratch":"scratch"}}}},"image30.jpg6764":{"fileref":"","size":6764,"filename":"image30.jpg","base64_img_data":"","file_attributes":{},"regions":{"0":{"shape_attributes":{"name":"polygon","all_points_x":[63,74,99,122,146,167,170,148,164,159,174,136,116,130,102,111,88,71,90,78,63],"all_points_y":[96,117,139,146,148,150,137,129,125,116,116,94,90,100,95,107,95,88,111,107,96]},"region_attributes":{"Scratch":"scratch"}}}},"image31.jpg4290":{"fileref":"","size":4290,"filename":"image31.jpg","base64_img_data":"","file_attributes":{},"regions":{"0":{"shape_attributes":{"name":"polygon","all_points_x":[22,6,12,32,80,129,184,215,225,222,210,204,182,155,114,101,75,66,43,22],"all_points_y":[104,92,69,66,56,57,59,59,57,90,112,124,124,112,120,117,120,112,109,104]},"region_attributes":{"Scratch":"scratch"}}}},"image32.jpg2664":{"fileref":"","size":2664,"filename":"image32.jpg","base64_img_data":"","file_attributes":{},"regions":{"0":{"shape_attributes":{"name":"polygon","all_points_x":[54,64,93,72,88,86,115,132,157,180,192,196,184,174,162,130,104,74,54],"all_points_y":[115,103,93,93,75,70,61,60,64,72,80,86,92,93,84,95,102,113,115]},"region_attributes":{"Scratch":"scratch"}}}},"image33.jpg7723":{"fileref":"","size":7723,"filename":"image33.jpg","base64_img_data":"","file_attributes":{},"regions":{"0":{"shape_attributes":{"name":"polygon","all_points_x":[56,63,70,75,88,101,121,138,147,147,143,138,118,115,122,102,80,56],"all_points_y":[74,94,104,92,97,107,112,107,87,76,68,60,59,64,72,66,68,74]},"region_attributes":{"Scratch":"scratch"}}}},"image34.jpg6474":{"fileref":"","size":6474,"filename":"image34.jpg","base64_img_data":"","file_attributes":{},"regions":{"0":{"shape_attributes":{"name":"polygon","all_points_x":[164,151,143,142,138,135,136,134,148,158,164,175,184,180,171,166,164],"all_points_y":[159,148,112,76,58,36,16,8,3,2,15,38,61,89,108,116,159]},"region_attributes":{"Scratch":"scratch"}}}},"image35.jpg11007":{"fileref":"","size":11007,"filename":"image35.jpg","base64_img_data":"","file_attributes":{},"regions":{"0":{"shape_attributes":{"name":"polygon","all_points_x":[123,128,146,161,158,162,140,123],"all_points_y":[164,180,197,199,186,168,160,164]},"region_attributes":{"Scratch":"scratch"}},"1":{"shape_attributes":{"name":"polygon","all_points_x":[114,111,118,122,122,114],"all_points_y":[80,92,96,92,87,80]},"region_attributes":{"Scratch":"scratch"}}}},"image36.jpg6988":{"fileref":"","size":6988,"filename":"image36.jpg","base64_img_data":"","file_attributes":{},"regions":{"0":{"shape_attributes":{"name":"polygon","all_points_x":[43,54,68,99,100,138,174,198,218,239,246,265,276,276,250,231,206,181,158,131,107,82,65,58,32,43],"all_points_y":[143,130,122,116,106,102,92,93,93,109,128,133,144,159,161,149,136,129,126,126,130,138,152,160,157,143]},"region_attributes":{"Scratch":"scratch"}}}},"image37.jpg12052":{"fileref":"","size":12052,"filename":"image37.jpg","base64_img_data":"","file_attributes":{},"regions":{"0":{"shape_attributes":{"name":"polygon","all_points_x":[94,114,143,150,167,178,178,182,190,206,235,239,270,248,260,269,270,262,254,243,233,217,209,187,166,145,131,122,113,94],"all_points_y":[42,62,98,111,137,160,177,198,224,227,225,202,192,192,172,142,126,110,98,85,76,72,72,68,72,72,70,57,51,42]},"region_attributes":{"Scratch":"scratch"}}}},"image38.jpg43162":{"fileref":"","size":43162,"filename":"image38.jpg","base64_img_data":"","file_attributes":{},"regions":{"0":{"shape_attributes":{"name":"polygon","all_points_x":[474,507,533,526,518,522,542,562,579,606,624,652,749,797,786,770,745,683,633,586,530,494,482,484,484,486,479,491,490,474],"all_points_y":[236,232,248,257,285,298,300,296,289,288,288,274,260,249,312,372,389,388,393,396,404,416,402,383,350,309,296,280,257,236]},"region_attributes":{"Scratch":"scratch"}},"1":{"shape_attributes":{"name":"polygon","all_points_x":[455,483,507,526,549,583,495,435,404,460,455],"all_points_y":[138,142,164,177,146,123,115,119,132,136,138]},"region_attributes":{"Scratch":"scratch"}},"2":{"shape_attributes":{"name":"polygon","all_points_x":[279,337,402,441,454,454,450,430,386,346,313,274,278,282,286,279],"all_points_y":[306,304,302,300,322,365,393,416,416,436,420,424,369,300,306,306]},"region_attributes":{"Scratch":"scratch"}}}},"image39.jpg11051":{"fileref":"","size":11051,"filename":"image39.jpg","base64_img_data":"","file_attributes":{},"regions":{"0":{"shape_attributes":{"name":"polygon","all_points_x":[75,122,145,162,183,194,201,209,207,169,125,93,85,74,75],"all_points_y":[117,93,106,120,120,128,143,164,179,176,173,158,139,111,117]},"region_attributes":{"Scratch":"scratch"}}}},"image40.jpeg7824":{"fileref":"","size":7824,"filename":"image40.jpeg","base64_img_data":"","file_attributes":{},"regions":{"0":{"shape_attributes":{"name":"polygon","all_points_x":[54,49,69,74,49,63,118,194,263,269,274,271,228,253,267,269,258,225,190,162,139,134,118,118,54],"all_points_y":[62,77,89,102,109,123,121,128,132,109,95,62,59,36,12,3,10,36,55,52,50,56,59,64,62]},"region_attributes":{"Scratch":"scratch"}}}},"image41.jpeg3494":{"fileref":"","size":3494,"filename":"image41.jpeg","base64_img_data":"","file_attributes":{},"regions":{"0":{"shape_attributes":{"name":"polygon","all_points_x":[63,121,152,162,152,131,121,126,129,106,78,63],"all_points_y":[96,89,73,64,57,63,65,70,76,86,88,96]},"region_attributes":{"Scratch":"scratch"}},"1":{"shape_attributes":{"name":"polygon","all_points_x":[55,88,144,171,190,191,180,171,160,145,124,91,74,55],"all_points_y":[112,117,108,95,76,72,75,82,96,100,106,113,112,112]},"region_attributes":{"Scratch":"scratch"}}}},"image42.jpg25136":{"fileref":"","size":25136,"filename":"image42.jpg","base64_img_data":"","file_attributes":{},"regions":{"0":{"shape_attributes":{"name":"polygon","all_points_x":[258,258,251,242,368,443,465,525,544,523,468,452,468,534,558,607,622,640,649,626,599,546,495,477,449,445,468,523,488,461,421,394,330,294,269,262,258],"all_points_y":[172,159,136,121,118,108,119,118,115,105,88,81,72,92,100,101,119,147,188,221,247,250,256,264,263,245,239,243,232,232,235,228,220,203,196,185,172]},"region_attributes":{"Scratch":"scratch"}}}},"image43.jpg6019":{"fileref":"","size":6019,"filename":"image43.jpg","base64_img_data":"","file_attributes":{},"regions":{"0":{"shape_attributes":{"name":"polygon","all_points_x":[164,177,207,218,222,228,232,234,229,210,186,172,164],"all_points_y":[107,119,142,164,170,160,145,128,118,114,105,105,107]},"region_attributes":{"Scratch":"scratch"}},"1":{"shape_attributes":{"name":"polygon","all_points_x":[206,226,223,206,206],"all_points_y":[87,84,78,78,87]},"region_attributes":{"Scratch":"scratch"}}}},"image46.png781992":{"fileref":"","size":781992,"filename":"image46.png","base64_img_data":"","file_attributes":{},"regions":{"0":{"shape_attributes":{"name":"polygon","all_points_x":[241,254,273,294,314,333,354,378,402,410,442,453,478,478,458,448,448,449,430,415,389,366,332,314,290,271,253,241,245,244,241],"all_points_y":[194,183,184,188,202,208,232,247,259,272,292,314,329,341,343,352,367,389,366,332,340,316,286,274,260,250,243,233,225,213,194]},"region_attributes":{"Scratch":"scratch"}}}},"image47.jpg75921":{"fileref":"","size":75921,"filename":"image47.jpg","base64_img_data":"","file_attributes":{},"regions":{"0":{"shape_attributes":{"name":"polygon","all_points_x":[535,584,656,777,826,854,865,872,888,918,943,931,900,837,827,839,873,897,912,908,886,848,832,813,813,811,793,778,773,756,679,634,587,560,546,598,637,630,598,577,672,698,720,704,623,564,548,574,638,679,651,546,530,596,586,654,539,535],"all_points_y":[314,322,325,321,334,362,379,398,400,396,400,413,426,440,447,456,452,444,443,456,472,482,488,494,506,516,521,519,531,546,548,549,542,537,531,532,531,520,513,510,507,503,494,483,479,460,455,446,455,455,433,407,393,394,366,362,325,314]},"region_attributes":{"Scratch":"scratch"}}}},"image48.jpg19024":{"fileref":"","size":19024,"filename":"image48.jpg","base64_img_data":"","file_attributes":{},"regions":{"0":{"shape_attributes":{"name":"polygon","all_points_x":[105,92,88,90,94,102,111,123,150,147,154,153,157,163,181,190,205,206,154,136,127,114,105],"all_points_y":[87,106,127,152,168,180,195,202,202,187,181,165,150,132,115,93,78,72,76,76,77,84,87]},"region_attributes":{"Scratch":"scratch"}}}},"image49.jpg11051":{"fileref":"","size":11051,"filename":"image49.jpg","base64_img_data":"","file_attributes":{},"regions":{"0":{"shape_attributes":{"name":"polygon","all_points_x":[77,126,146,162,179,192,201,206,206,187,147,95,84,77],"all_points_y":[116,100,104,113,120,127,140,159,177,179,172,166,137,116]},"region_attributes":{"Scratch":"scratch"}}}},"image50.jpg46482":{"fileref":"","size":46482,"filename":"image50.jpg","base64_img_data":"","file_attributes":{},"regions":{"0":{"shape_attributes":{"name":"polygon","all_points_x":[182,195,202,204,198,194,188,178,172,171,178,182],"all_points_y":[204,202,212,224,246,260,277,285,285,260,218,204]},"region_attributes":{"Scratch":"scratch"}},"1":{"shape_attributes":{"name":"polygon","all_points_x":[230,243,235,230,257,290,320,350,340,366,390,382,382,392,398,406,421,434,441,449,452,473,511,530,552,562,578,590,590,571,534,505,482,466,445,426,403,384,364,340,315,298,291,282,262,254,234,205,220,230,225,222,230],"all_points_y":[166,165,188,205,198,190,237,252,258,257,281,291,312,324,336,345,352,354,346,332,320,335,371,381,376,372,372,356,351,346,304,283,265,246,226,206,192,177,160,144,138,135,113,100,91,84,107,159,134,132,152,168,166]},"region_attributes":{"Scratch":"scratch"}},"2":{"shape_attributes":{"name":"polygon","all_points_x":[330,316,316,323,330,339,354,348,330],"all_points_y":[482,482,488,494,508,508,508,489,482]},"region_attributes":{"Scratch":"scratch"}}}},"images44.jpg6703":{"fileref":"","size":6703,"filename":"images44.jpg","base64_img_data":"","file_attributes":{},"regions":{"0":{"shape_attributes":{"name":"polygon","all_points_x":[70,70,77,100,137,162,191,200,225,234,199,197,206,190,190,175,164,167,132,108,91,82,70],"all_points_y":[62,77,93,104,132,146,159,153,161,161,130,129,128,118,104,99,88,80,64,58,54,52,62]},"region_attributes":{"Scratch":"scratch"}}}},"images45.jpg12283":{"fileref":"","size":12283,"filename":"images45.jpg","base64_img_data":"","file_attributes":{},"regions":{"0":{"shape_attributes":{"name":"polygon","all_points_x":[4,39,88,102,139,162,172,203,219,226,200,170,152,136,136,130,128,102,88,79,60,42,23,3,0,4],"all_points_y":[95,93,103,92,85,79,72,72,76,85,94,116,133,153,162,168,153,155,139,132,130,124,132,127,116,95]},"region_attributes":{"Scratch":"scratch"}},"1":{"shape_attributes":{"name":"polygon","all_points_x":[227,270,296,298,294,274,242,229,225,234,244,227],"all_points_y":[44,36,39,50,64,64,72,63,73,52,48,44]},"region_attributes":{"Scratch":"scratch"}}}},"img1.jpeg8043":{"fileref":"","size":8043,"filename":"img1.jpeg","base64_img_data":"","file_attributes":{},"regions":{"0":{"shape_attributes":{"name":"polygon","all_points_x":[70,90,110,115,115,116,132,156,172,182,184,185,176,158,135,110,98,116,110,102,87,70],"all_points_y":[68,76,84,94,110,128,140,148,144,128,114,97,83,70,54,53,58,62,70,72,72,68]},"region_attributes":{"Scratch":"scratch"}}}}}